"Content Length","Thread count","Sleep (ms)","Server time (ms)","Total time (ms)","Network Latency (ms)",Free,Buff,Cache,User,System,Idle
20000,1,1000,29.45124726,35.98679,6.53554274,168207,70088,534376,190,0,-90
20000,2,1000,55.987251365,65.515715,9.528463635,167382,70175,534448,210,0,-110
20000,3,1000,84.127709126667,97.559476666667,13.43176754,168510,70264,534547,167,1,-68
20000,4,1000,73.46855771,98.4292,24.96064229,168466,70335,534688,52,3,45
20000,5,1000,59.595462846,75.73072,16.135257154,167631,70431,534860,21,6,73
20000,6,1000,84.51887636,98.16425,13.64537364,166268,70503,535071,13,11,76
20000,7,1000,80.258805878571,99.820362857143,19.561556978571,165521,70575,535317,7,20,73
20000,8,1000,75.17647284625,95.66016625,20.48369340375,166935,70671,535592,13,25,62
20000,9,1000,81.87171352,97.536448888889,15.664735368889,165181,70759,535931,15,23,62
20000,10,1000,81.944015351,101.163334,19.219318649,165390,70841,536383,16,26,58
20000,11,1000,79.451012514546,98.948417272727,19.497404758182,163961,70928,536773,18,27,55
20000,12,1000,86.361435713333,102.37030333333,16.00886762,164275,70994,537190,19,27,54
20000,13,1000,84.628173387692,103.37911538462,18.750941996923,163777,71093,537641,24,28,48
20000,14,1000,85.708510009286,106.06839214286,20.359882133571,163117,71244,538146,23,32,45
20000,15,1000,86.792265967333,108.12523133333,21.332965366,161857,71368,538682,23,33,44
20000,16,1000,85.570433310625,104.733704375,19.163271064375,160138,71474,539236,28,30,42
20000,17,1000,87.869794126471,109.29069823529,21.420904108823,159481,71576,539830,29,32,39
20000,18,1000,87.599312923333,108.90332777778,21.304014854445,156601,71674,540485,30,32,38
20000,19,1000,87.56666325,107.39572842105,19.829065171053,157774,71772,541224,32,30,38
20000,20,1000,89.900245739,112.6018705,22.701624761,156455,71865,541944,32,26,42
20000,30,1000,118.010787905,146.081473,28.070685095,152068,71965,542981,37,11,52
20000,40,1000,146.244854002,321.73630925,175.491455248,148873,72069,544247,37,0,63
20000,50,1000,146.847415649,655.6834124,508.835996751,145621,72208,545895,40,0,60
20000,60,1000,146.81870515317,983.88633933333,837.06763418017,144063,72365,547966,40,0,60
20000,70,1000,145.40129543329,1286.5119675714,1141.1106721381,141628,72559,550334,40,0,60
20000,80,1000,147.81995252763,1658.229609,1510.4096564724,137969,72807,553045,39,0,61
20000,90,1000,146.96022971722,1975.5098946667,1828.5496649494,134640,73062,556094,41,0,59
20000,100,1000,147.6375182911,2317.3071349,2169.6696166089,125598,73559,564488,37,0,63
20000,110,1000,144.30671175727,2556.4366078182,2412.1298960609,115430,74067,573834,38,0,62
